{"configs":{"AAARmkv":{"_id":"AAFxDDH","experienceType":"CardAction","configIndexHref":"cms/api/amp/experienceConfigIndex/AAARmkv","properties":{"availableActions":["share","like","mute"],"availableAdActions":["report","adChoice"],"shareSocialMedia":["linkedin","facebook","twitter","skype","whatsapp","email"],"shareDialogLocalizedProps":{"shareDialogTitleText":"Share","shareDialogCloseButtonText":"Close Dialog","shareDialogCopyButtonText":"Copy","shareDialogCopyButtonAriaLabelText":"Copy link to clipboard","shareDialogCopiedButtonText":"Link Copied","shareDialogCopiedButtonAriaLabelText":"Link copied to clipboard","socialMediaEmailLabelConfigOverride":"Mail","socialMediaLinkedInLabelConfigOverride":"LinkedIn","socialMediaFacebookLabelConfigOverride":"Facebook","socialMediaTwitterLabelConfigOverride":"Twitter","socialMediaSkypeLabelConfigOverride":"Skype","socialMediaWhatsAppLabelConfigOverride":"WhatsApp","socialMediaEmailAriaLabelConfigOverride":"Share via {0}","socialMediaIconsAriaLabelConfigOverride":"Share on {0}"},"muteDialogProps":{"unmuteLinkTextTitle":{"children":"You can find personalize link in one of the headlines options on the current page."},"muteDialogUnmuteLinkText":{"children":"Personalize"},"muteDialogDefaultProviderName":{"children":"selected publisher"},"muteDialogBodyMessage":{"children":"You won’t see stories from {provider} on your next visit. To see them again, visit {unmute_page} to change your settings."},"muteDialogButtonCancelAriaLabel":{"children":"Cancel mute action"},"muteDialogButtonCancelText":{"children":"Cancel"},"muteDialogButtonConfirmAriaLabel":{"children":"Confirm hiding stories from selected provider"},"muteDialogButtonConfirmText":{"children":"Hide"},"muteDialogHeaderText":{"children":"Hide stories from {provider}"},"notificationDurationMs":5000,"muteDialogRefreshBodyMessage":{"children":"We’ll hide all stories from {provider} and refresh your feed. If you decide you want them to show up again, visit {unmute_page} to change settings."},"muteToastBodyText":{"children":"Stories from {bold} have been hidden {personalize}"},"muteToastButtonText":{"children":"MANAGE"}},"reportDialogProps":{"reportDialogHeaderText":{"children":"What was wrong with that ad?"},"reportDialogSubmitText":{"children":"Submit"},"reportDialogSubmitAriaLabel":{"children":"Confirm reporting the select ad"},"reportDialogButtonCancelText":{"children":"Cancel"},"reportDialogButtonCancelAriaLabel":{"children":"Cancel report action"},"reportDialogMisleadingText":{"children":"Misleading"},"reportDialogInappropriateText":{"children":"Inappropriate"},"reportDialogBadImageText":{"children":"Bad Image"},"reportDialogOtherText":{"children":"Other"},"reportThankYouDialogBodyText":{"children":"Thank you for your input!"},"reportThankYouDialogCloseButtonAriaLabel":{"children":"Close the thank you dialog"},"reportThankYouDialogCloseButtonText":{"children":"Okay"}},"cardMenuProps":{"cardActionMenuItemUndoDislike":{"children":"Undo Dislike"},"cardActionMenuItemUndoLike":{"children":"Undo Like"},"cardActionMenuItemMute":{"children":"Hide stories from {provider}"},"cardActionMenuItemDislike":{"children":"Dislike"},"cardActionMenuItemLike":{"children":"Like"},"cardActionMenuItemShare":{"children":"Share"},"cardActionMenuItemReport":{"children":"Report"},"cardActionMenuItemAdChoice":{"children":"Why am I seeing this ad?"},"cardActionMenuItemAdChoiceUrl":{"children":"https://account.microsoft.com/privacy/ad-settings"},"cardActionMenuItemSave":{"children":"Save"},"cardActionMenuItemHide":{"children":"Hide Story"},"cardActionMenuItemUndoSave":{"children":"Undo Save"}},"saveStoryToastProps":{"saveStoryToastText":{"children":"Story saved in {personalize}"},"saveStoryToastPersonalizeText":{"children":"Personalize"}},"cardActionStatusMessages":{"LikeCard":"Liked","UnlikeCard":"Unliked","DislikeCard":"Disliked","UndislikeCard":"Undisliked","SaveCard":"Saved","UnsaveCard":"Unsaved"}}}},"rootConfigIndexId":"AAARmkv"}