<tipSet version="1">
  <tip id="SettingsPagePCSystemDisplay" condition="not(platform match 'surfaceHub')">
    <title>숙면 취하기</title>
    <content>
      <p>야간 모드는 밤에 더 따뜻한 색을 표시하여 잠을 자도록 도와줍니다. 야간 모드를 설정하려면 야간 모드 설정을 선택하세요.</p>
    </content>
  </tip>
  <tip id="SettingsPageAppsNotifications">
    <title>원하는 알림 받기</title>
    <content>
      <p>앱에서 알림을 보내기 시작하려면 이 보낸 사람으로부터 알림 받기로 이동한 다음, 해당 앱을 켭니다.</p>
    </content>
  </tip>
  <tip id="SettingsPageScreenPowerAndSleep">
    <title>에너지 및 배터리 사용 시간 절약</title>
    <content>
      <p>화면 및 절전에 대해 더 짧은 시간을 선택하여 배터리 수명을 더 오래 지속시킵니다.</p>
    </content>
  </tip>
  <tip id="SettingsPageStorageSenseStorageOverview" condition="not(platform match 'hololens')">
    <title>PC를 복잡하지 않게 유지</title>
    <content>
      <p>저장 공간 센스가 켜지면 PC에 공간이 부족할 때만 여유 공간이 확보됩니다. 현재 사용하지 않는 파일을 정리하려면 저장 공간 센스 구성을 선택하거나 지금 실행 &gt; 지금 정리를 선택합니다.</p>
    </content>
  </tip>
  <tip id="SettingsPagePCSystemShellMode">
    <title>태블릿 모드란 무엇인가요?</title>
    <content>
      <p>태블릿 모드는 장치를 터치에 맞게 최적화하므로 키보드와 마우스를 사용할 필요가 없습니다. 태블릿 모드가 켜지면 앱이 전체 화면으로 열리고 작업 표시줄과 바탕 화면 아이콘이 축소됩니다.</p>
    </content>
  </tip>
  <tip id="SettingsPageBatterySaver">
    <title>배터리 사용 시간 연장</title>
    <content>
      <p>배터리를 소모하는 앱을 확인하려면 배터리 사용 시간에 영향을 주는 앱 확인을 선택하세요.</p>
    </content>
  </tip>
  <tip id="SettingsPageMultiTasking">
    <title>데스크톱 작업 영역 구성</title>
    <content>
      <p>열려있는 앱 간에 전환하려면 작업 표시줄에서 작업 보기 단추를 선택하거나 Alt + Tab을 누릅니다.</p>
    </content>
  </tip>
  <tip id="SettingsPageDevices" condition="not(platform match '(hololens)|(surfaceHub)')">
    <title>Bluetooth 더 빠르게 켜기</title>
    <content>
      <p>설정을 열지 않고 Bluetooth를 켜거나 끄려면 알림 센터를 열고 Bluetooth 아이콘을 선택합니다.</p>
    </content>
  </tip>
  <tip id="SettingsPageDevicesPrinters">
    <title>프린터 문제 해결</title>
    <content>
      <p>프린터를 작동할 수 없는 경우 프린터 문제 해결사를 실행해 보세요.</p>
    </content>
    <cta href="ms-settings:troubleshoot">
      <text>문제 해결 설정 열기</text>
    </cta>
  </tip>
  <tip id="SettingsPageDevicesTouchpad">
    <title>터치하여 이동</title>
    <content>
      <p>세 손가락으로 위로 살짝 밀어 열려있는 모든 앱을 표시하거나 두 손가락으로 앱을 한 번 탭하여 오른쪽 클릭합니다.</p>
    </content>
    <cta href="https://go.microsoft.com/fwlink/p/?linkid=2005515&amp;ocid=SettingsTips-BingIA">
      <text>다른 제스처 알아보기</text>
    </cta>
  </tip>
  <tip id="SettingsPageManagePhone">
    <title>사진 보기 및 문자 메시지 보내기</title>
    <content>
      <p>Android 휴대폰에서 최근 사진을 보고 문자 메시지를 보냅니다. 휴대폰 추가를 선택하여 설정합니다.</p>
    </content>
  </tip>
  <tip id="SettingsPageNetworkWiFi" condition="platform match 'desktop'">
    <title>무선 네트워크에 연결</title>
    <content>
      <p>원하는 무선 네트워크가 표시되지 않으면 사용 가능한 네트워크 보기를 선택하고, 원하는 네트워크를 선택한 다음 연결을 선택합니다.</p>
    </content>
  </tip>
  <tip id="SettingsPageThemes">
    <title>Windows에서 더 많은 퍼스낼리티 얻기</title>
    <content>
      <p>Microsoft Store에서 배경 화면, 소리 및 색을 결합한 무료 테마를 다운로드하세요.</p>
    </content>
  </tip>
  <tip id="SettingsPageAppsDefaults">
    <title>기본 앱 선택</title>
    <content>
      <p>음악을 듣고 사진을 보고 메일을 확인하고 동영상을 시청하는 등의 작업에 사용할 앱을 선택합니다.</p>
      <p>Microsoft에서 권장하는 기본 앱으로 돌아가려는 경우 초기화를 사용하세요.</p>
    </content>
  </tip>
  <tip id="SettingsPageAccountsEmailApp" condition="not(platform match 'hololens')">
    <title>계정 설정 및 관리</title>
    <content>
      <p>계정 이름을 변경하거나 계정을 삭제하거나 다른 장치와 계정을 동기화하려면 사용자의 계정을 선택한 다음, 관리를 선택합니다.</p>
    </content>
  </tip>
  <tip id="SettingsPageEaseOfAccessNarrator">
    <title>스캔 모드로 빠르게 읽기</title>
    <content>
      <p>스캔 모드를 켜거나 끄려면 내레이터를 켜고 Caps Lock과 스페이스바 키를 누릅니다. 그런 다음 위쪽 및 아래쪽 화살표 키를 눌러 앱이나 웹 페이지의 모든 내용을 읽습니다.</p>
    </content>
  </tip>
  <tip id="SettingsPageWindowsDefender">
    <title>안전하게 PC 보호</title>
    <content>
      <p>Windows 보안에서는 사용자를 온라인으로 보호하고, 장치 상태를 유지 관리하고, 정기 검사를 실행하고, 위협 방지 설정을 관리하는 등의 옵션을 제공합니다.</p>
    </content>
  </tip>
  <tip id="SettingsPageRestoreOneBackup">
    <title>적절한 백업 옵션 선택</title>
    <content>
      <p>Windows에서 파일을 안전한 장소에 백업하려면 파일을 이동할 위치(클라우드, 외부 저장 장치 또는 네트워크)를 선택합니다.</p>
    </content>
    <cta href="https://support.microsoft.com/help/4521035/">
      <text>백업 옵션에 대해 자세히 알아보기</text>
    </cta>
  </tip>
  <tip id="SettingsPageRestoreMusUpdate" condition="platform match 'desktop'">
    <title>새로운 기능 보기</title>
    <content>
      <p>최근에 장치에 새로운 기능과 중요 보안 개선 기능이 포함된 최신 업데이트가 설치되었습니다.</p>
    </content>
    <cta href="ms-get-started://collection/?id=recommended&amp;tipsetid=whats-new&amp;p=ui&amp;s=settings&amp;c=SettingsPageRestoreMusUpdate-RS5">
      <text>새 기능 탐색</text>
    </cta>
  </tip>
  <tip id="SettingsPageActivate">
    <title>제품 키는 어디에 있나요?</title>
    <content>
      <p>Windows 구입 방법에 따라 정품 인증 시 디지털 라이선스 또는 제품 키가 사용됩니다.</p>
    </content>
    <cta href="https://support.microsoft.com/help/12440/">
      <text>정품 인증에 대한 자세한 내용 알아보기</text>
    </cta>
  </tip>
</tipSet>