﻿<?xml version="1.0" encoding="utf-8"?>
<root>
  <update throttle="100" rescan="1440" currentversion="19.222.1110.0006" maxapplicable="19.222.1110.0005" minapplicable="16.000.0000.0000">
    <binary sha1hash="Hs3ciknl3VLlclLHJb35nKpUH74=" sha256hash="7iC9/VAQe/RU4FpIslRSSC+010ghRXHfR3r6ySXEBvg=" url="https://oneclient.sfx.ms/Win/Prod/19.222.1110.0006/OneDriveSetup.exe" />
    <msixbinary url="https://oneclient.sfx.ms/Win/Prod/19.222.1110.0006/Microsoft.OneDriveSyncClient_8wekyb3d8bbwe.msix" />
  </update>
  <update throttle="75" rescan="1440" currentversion="19.232.1124.0008" maxapplicable="20.999.9999.9999" minapplicable="16.000.0000.0000">
    <binary sha1hash="dpIgvrxR3CRWXLdjFsBWlPrmGOU=" sha256hash="FhDFU4+RqT53QXQ5Vj9nzi5w0yo2S21Hm11h4tDmQqc=" url="https://oneclient.sfx.ms/Win/Prod/19.232.1124.0008/OneDriveSetup.exe" />
    <msixbinary url="https://oneclient.sfx.ms/Win/Prod/19.232.1124.0008/Microsoft.OneDriveSyncClient_8wekyb3d8bbwe.msix" />
  </update>
</root>