<root><item name="cmphs" value="null" ltime="3645808294" htime="30796144" /><item name="dsc" value="null" ltime="3645829979" htime="30796144" /><item name="msa" value="null" ltime="3645841663" htime="30796144" /><item name="olopt" value="null" ltime="3645850741" htime="30796144" /><item name="spnewpcfre" value="null" ltime="3645855385" htime="30796144" /><item name="firstTimeUser" value="1" ltime="3650172683" htime="30796144" /><item name="AvgPVsTimestamp" value="1582369897338" ltime="3650569659" htime="30796144" /><item name="ntpPreloadRevealStatsHistory" value="[{&quot;d&quot;:22,&quot;p&quot;:1,&quot;r&quot;:0}]" ltime="3751548678" htime="30796144" /><item name="frequentSites" value="[]" ltime="3752173729" htime="30796144" /><item name="maxPrePopulatedSites" value="8" ltime="3752242872" htime="30796144" /><item name="renderedSites" value="[{&quot;background&quot;:&quot;#ffffff&quot;,&quot;color&quot;:&quot;#000&quot;,&quot;icon&quot;:&quot;https://img-s-msn-com.akamaized.net/tenant/amp/entityid/AAc9lsT.img&quot;,&quot;itemId&quot;:&quot;{18C68DAD-DF07-43A6-8185-FB5219DFC5E2}&quot;,&quot;siteUrl&quot;:&quot;https://www.msn.com/ko-kr/&quot;,&quot;slotIndex&quot;:0,&quot;title&quot;:&quot;MSN&quot;,&quot;type&quot;:&quot;curated&quot;},{&quot;background&quot;:&quot;#ffffff&quot;,&quot;color&quot;:&quot;#000&quot;,&quot;icon&quot;:&quot;https://img-s-msn-com.akamaized.net/tenant/amp/entityid/AAEazrX.img&quot;,&quot;itemId&quot;:&quot;{6B25FC20-1B0F-4BA0-A4C7-B0F7A86ED5D7}&quot;,&quot;siteUrl&quot;:&quot;https://coupa.ng/bixf0p&quot;,&quot;slotIndex&quot;:1,&quot;title&quot;:&quot;쿠팡&quot;,&quot;type&quot;:&quot;curated&quot;},{&quot;background&quot;:&quot;#ffffff&quot;,&quot;color&quot;:&quot;#000&quot;,&quot;icon&quot;:&quot;https://img-s-msn-com.akamaized.net/tenant/amp/entityid/BBt6b00.img&quot;,&quot;itemId&quot;:&quot;{075728DB-2305-4E1E-B138-E806F46456DA}&quot;,&quot;siteUrl&quot;:&quot;https://outlook.com/&quot;,&quot;slotIndex&quot;:2,&quot;title&quot;:&quot;Outlook mail&quot;,&quot;type&quot;:&quot;curated&quot;},{&quot;background&quot;:&quot;#ffffff&quot;,&quot;color&quot;:&quot;#000&quot;,&quot;icon&quot;:&quot;https://img-s-msn-com.akamaized.net/tenant/amp/entityid/BBYx3Nh.img&quot;,&quot;itemId&quot;:&quot;{56FD7A07-4833-452E-AF9B-E0D3F1E8CED1}&quot;,&quot;siteUrl&quot;:&quot;http://www.interpark.com/gate/ippgw.jsp?biz_cd=P14715&amp;url=http://www.interpark.com/malls/index.html&quot;,&quot;slotIndex&quot;:3,&quot;title&quot;:&quot;인터파크&quot;,&quot;type&quot;:&quot;curated&quot;},{&quot;background&quot;:&quot;#ffffff&quot;,&quot;color&quot;:&quot;#000&quot;,&quot;icon&quot;:&quot;https://img-s-msn-com.akamaized.net/tenant/amp/entityid/BBnbAIA.img&quot;,&quot;itemId&quot;:&quot;{BF344173-62F1-401C-B483-9FE5F1D0A808}&quot;,&quot;siteUrl&quot;:&quot;https://www.facebook.com&quot;,&quot;slotIndex&quot;:4,&quot;title&quot;:&quot;Facebook&quot;,&quot;type&quot;:&quot;curated&quot;},{&quot;background&quot;:&quot;#ffffff&quot;,&quot;color&quot;:&quot;#000&quot;,&quot;icon&quot;:&quot;https://img-s-msn-com.akamaized.net/tenant/amp/entityid/AAy3m8v.img&quot;,&quot;itemId&quot;:&quot;{63FB506B-331C-4A52-8DB9-42E77E83CFAA}&quot;,&quot;siteUrl&quot;:&quot;https://sp.booking.com/index.html?aid=1538005&amp;label=kokr-edge-ntp-topsites&quot;,&quot;slotIndex&quot;:5,&quot;title&quot;:&quot;Booking.com&quot;,&quot;type&quot;:&quot;curated&quot;},{&quot;background&quot;:&quot;#ffffff&quot;,&quot;color&quot;:&quot;#000&quot;,&quot;itemId&quot;:&quot;{19E4F3A4-0A1A-4ADE-85D1-B2F03ED06BF1}&quot;,&quot;siteUrl&quot;:&quot;https://bufftoon.plaync.com/?utm_source=microsoft&amp;utm_medium=sitelink&quot;,&quot;slotIndex&quot;:6,&quot;title&quot;:&quot;버프툰&quot;,&quot;type&quot;:&quot;curated&quot;},{&quot;background&quot;:&quot;#ffffff&quot;,&quot;color&quot;:&quot;#000&quot;,&quot;icon&quot;:&quot;https://img-s-msn-com.akamaized.net/tenant/amp/entityid/BBobb8G.img&quot;,&quot;itemId&quot;:&quot;{1E837EAA-FC0F-4F24-947D-78E0A40EFCEC}&quot;,&quot;siteUrl&quot;:&quot;http://www.netflix.com&quot;,&quot;slotIndex&quot;:7,&quot;title&quot;:&quot;넷플릭스&quot;,&quot;type&quot;:&quot;curated&quot;}]" ltime="3757080173" htime="30796144" /><item name="ntps" value="{&quot;m&quot;:&quot;ko-kr&quot;}" ltime="520953498" htime="30796145" /><item name="mktreset" value="false" ltime="520975510" htime="30796145" /><item name="fpr" value="{&quot;time&quot;:1582370013879,&quot;data&quot;:&quot;2&quot;}" ltime="521024791" htime="30796145" /></root>